{
  "accuracy": 0.008583690987124463,
  "correct": 2,
  "total": 233,
  "avg_similarity": 0.5897809173174987,
  "threshold": 0.75
}